Category,Title,URL,Completed?
Places and infrastructure,Breast-shaped hill,https://en.wikipedia.org/wiki/Breast-shaped_hill,
Places and infrastructure,Bookland,https://en.wikipedia.org/wiki/Bookland,
Places and infrastructure,Eiffel Tower replicas and derivatives,https://en.wikipedia.org/wiki/Eiffel_Tower_replicas_and_derivatives,
Places and infrastructure,Folly,https://en.wikipedia.org/wiki/Folly,
Places and infrastructure,Gravity hill,https://en.wikipedia.org/wiki/Gravity_hill,
Places and infrastructure,List of cities claimed to be built on seven hills,https://en.wikipedia.org/wiki/List_of_cities_claimed_to_be_built_on_seven_hills,
Places and infrastructure,List of micronations,https://en.wikipedia.org/wiki/List_of_micronations,
Places and infrastructure,List of tautological place names,https://en.wikipedia.org/wiki/List_of_tautological_place_names,
Places and infrastructure,Phantom island,https://en.wikipedia.org/wiki/Phantom_island,
Places and infrastructure,Pizza farm,https://en.wikipedia.org/wiki/Pizza_farm,
Places and infrastructure,Recursive islands and lakes,https://en.wikipedia.org/wiki/Recursive_islands_and_lakes,
Places and infrastructure,Rocket garden,https://en.wikipedia.org/wiki/Rocket_garden,
Places and infrastructure,Spite house,https://en.wikipedia.org/wiki/Spite_house,
Places and infrastructure,Valeriepieris circle,https://en.wikipedia.org/wiki/Valeriepieris_circle,
Places and infrastructure,Abuja Airplane House,https://en.wikipedia.org/wiki/Abuja_Airplane_House,
Places and infrastructure,Akon City,https://en.wikipedia.org/wiki/Akon_City,
Places and infrastructure,Bir Tawil,https://en.wikipedia.org/wiki/Bir_Tawil,
Places and infrastructure,Blue Desert,https://en.wikipedia.org/wiki/Blue_Desert,
Places and infrastructure,Boulders Beach,https://en.wikipedia.org/wiki/Boulders_Beach,
Places and infrastructure,Congo Pedicle,https://en.wikipedia.org/wiki/Congo_Pedicle,
Places and infrastructure,Dallol,https://en.wikipedia.org/wiki/Dallol,
Places and infrastructure,Gaet'ale Pond,https://en.wikipedia.org/wiki/Gaet'ale_Pond,
Places and infrastructure,Giraffe Manor,https://en.wikipedia.org/wiki/Giraffe_Manor,
Places and infrastructure,Hoba meteorite,https://en.wikipedia.org/wiki/Hoba_meteorite,
Places and infrastructure,Jacob's Ladder,https://en.wikipedia.org/wiki/Jacob's_Ladder_(Saint_Helena),
Places and infrastructure,Kalakuta Republic,https://en.wikipedia.org/wiki/Kalakuta_Republic,
Places and infrastructure,Kanye West,https://en.wikipedia.org/wiki/Kanye_West,
Places and infrastructure,Lake Nyos,https://en.wikipedia.org/wiki/Lake_Nyos,
Places and infrastructure,Lake Retba,https://en.wikipedia.org/wiki/Lake_Retba,
Places and infrastructure,Mauritania Railway,https://en.wikipedia.org/wiki/Mauritania_Railway,
Places and infrastructure,Oklo,https://en.wikipedia.org/wiki/Oklo,
Places and infrastructure,Palácio de Ferro,https://en.wikipedia.org/wiki/Pal%C3%A1cio_de_Ferro,
Places and infrastructure,Peñón de Vélez de la Gomera,https://en.wikipedia.org/wiki/Pe%C3%B1%C3%B3n_de_V%C3%A9lez_de_la_Gomera,
Places and infrastructure,Republic of Benin (1967),https://en.wikipedia.org/wiki/Republic_of_Benin_(1967),
Places and infrastructure,Socotra,https://en.wikipedia.org/wiki/Socotra,
Places and infrastructure,La Tante DC10 Restaurant,https://en.wikipedia.org/wiki/La_Tante_DC10_Restaurant,
Places and infrastructure,Tromelin Island,https://en.wikipedia.org/wiki/Tromelin_Island,
Places and infrastructure,The Owl House,https://en.wikipedia.org/wiki/The_Owl_House_(museum),
Places and infrastructure,Umoja,https://en.wikipedia.org/wiki/Umoja,
Places and infrastructure,Blood Falls,https://en.wikipedia.org/wiki/Blood_Falls,
Places and infrastructure,Mawson Peak,https://en.wikipedia.org/wiki/Mawson_Peak,
Places and infrastructure,McMurdo Dry Valleys,https://en.wikipedia.org/wiki/McMurdo_Dry_Valleys,
Places and infrastructure,Marie Byrd Land,https://en.wikipedia.org/wiki/Marie_Byrd_Land,
Places and infrastructure,New Swabia,https://en.wikipedia.org/wiki/New_Swabia,
Places and infrastructure,Pole of Inaccessibility research station,https://en.wikipedia.org/wiki/Pole_of_Inaccessibility_research_station,
Places and infrastructure,Villa Las Estrellas,https://en.wikipedia.org/wiki/Villa_Las_Estrellas,
Places and infrastructure,Diomede Islands,https://en.wikipedia.org/wiki/Diomede_Islands,
Places and infrastructure,Gangkhar Puensum,https://en.wikipedia.org/wiki/Gangkhar_Puensum,
Places and infrastructure,Gate Tower Building,https://en.wikipedia.org/wiki/Gate_Tower_Building,
Places and infrastructure,Hallstatt (China),https://en.wikipedia.org/wiki/Hallstatt_(China),
Places and infrastructure,Haesindang Park,https://en.wikipedia.org/wiki/Haesindang_Park,
Places and infrastructure,Hanazono Room,https://en.wikipedia.org/wiki/Hanazono_Room,
Places and infrastructure,Hằng Nga Guesthouse,https://en.wikipedia.org/wiki/H%E1%BA%B1ng_Nga_Guesthouse,
Places and infrastructure,High-Heel Wedding Church,https://en.wikipedia.org/wiki/High-Heel_Wedding_Church,
Places and infrastructure,Immovable Ladder,https://en.wikipedia.org/wiki/Immovable_Ladder,
Places and infrastructure,Imsil Cheese Theme Park,https://en.wikipedia.org/wiki/Imsil_Cheese_Theme_Park,
Places and infrastructure,"Jackson Hole, China",https://en.wikipedia.org/wiki/Jackson_Hole,_China
Places and infrastructure,Jatinga,https://en.wikipedia.org/wiki/Jatinga,
Places and infrastructure,Jaxa (state),https://en.wikipedia.org/wiki/Jaxa_(state),
Places and infrastructure,Jewish Autonomous Oblast,https://en.wikipedia.org/wiki/Jewish_Autonomous_Oblast,
Places and infrastructure,Kabul synagogue,https://en.wikipedia.org/wiki/Kabul_synagogue,
Places and infrastructure,Kai Tak Airport,https://en.wikipedia.org/wiki/Kai_Tak_Airport,
Places and infrastructure,Karni Mata Temple,https://en.wikipedia.org/wiki/Karni_Mata_Temple,
Places and infrastructure,Khewra Salt Mine,https://en.wikipedia.org/wiki/Khewra_Salt_Mine,
Places and infrastructure,Kijong-dong,https://en.wikipedia.org/wiki/Kijong-dong,
Places and infrastructure,Daeseong-dong,https://en.wikipedia.org/wiki/Daeseong-dong,
Places and infrastructure,Korea Central Zoo,https://en.wikipedia.org/wiki/Korea_Central_Zoo,
Places and infrastructure,Kowloon Walled City,https://en.wikipedia.org/wiki/Kowloon_Walled_City,
Places and infrastructure,Li's field,https://en.wikipedia.org/wiki/Li's_field,
Places and infrastructure,Living root bridge,https://en.wikipedia.org/wiki/Living_root_bridge,
Places and infrastructure,Love Land,https://en.wikipedia.org/wiki/Love_Land_(South_Korea),
Places and infrastructure,Maijishan Grottoes,https://en.wikipedia.org/wiki/Maijishan_Grottoes,
Places and infrastructure,Masuleh,https://en.wikipedia.org/wiki/Masuleh,
Places and infrastructure,Missing Post Office,https://en.wikipedia.org/wiki/Missing_Post_Office,
Places and infrastructure,Modern Toilet Restaurant,https://en.wikipedia.org/wiki/Modern_Toilet_Restaurant,
Places and infrastructure,Nahwa,https://en.wikipedia.org/wiki/Nahwa,
Places and infrastructure,Nakhchivan Autonomous Republic,https://en.wikipedia.org/wiki/Nakhchivan_Autonomous_Republic,
Places and infrastructure,Nanjie,https://en.wikipedia.org/wiki/Nanjie,
Places and infrastructure,National Fisheries Development Board,https://en.wikipedia.org/wiki/National_Fisheries_Development_Board,
Places and infrastructure,North Sentinel Island,https://en.wikipedia.org/wiki/North_Sentinel_Island,
Places and infrastructure,National Route 339,https://en.wikipedia.org/wiki/National_Route_339,
Places and infrastructure,Neutrality Monument,https://en.wikipedia.org/wiki/Neutrality_Monument,
Places and infrastructure,Okinoshima (Fukuoka),https://en.wikipedia.org/wiki/Okinoshima_(Fukuoka),
Places and infrastructure,Ōkunoshima,https://en.wikipedia.org/wiki/%C5%8Ckunoshima,
Places and infrastructure,Om Banna,https://en.wikipedia.org/wiki/Om_Banna,
Places and infrastructure,Omsk Metro,https://en.wikipedia.org/wiki/Omsk_Metro,
Places and infrastructure,Peanut Hole,https://en.wikipedia.org/wiki/Peanut_Hole,
Places and infrastructure,Porcelain Palace,https://en.wikipedia.org/wiki/Porcelain_Palace,
Places and infrastructure,Rednaxela Terrace,https://en.wikipedia.org/wiki/Rednaxela_Terrace,
Places and infrastructure,Robot Building,https://en.wikipedia.org/wiki/Robot_Building,
Places and infrastructure,Roopkund,https://en.wikipedia.org/wiki/Roopkund,
Places and infrastructure,Ryugyong Hotel,https://en.wikipedia.org/wiki/Ryugyong_Hotel,
Places and infrastructure,San Serriffe,https://en.wikipedia.org/wiki/San_Serriffe,
Places and infrastructure,Sansha,https://en.wikipedia.org/wiki/Sansha,
Places and infrastructure,Kingdom of Sedang,https://en.wikipedia.org/wiki/Kingdom_of_Sedang,
Places and infrastructure,Seikan Tunnel Tappi Shakō Line,https://en.wikipedia.org/wiki/Seikan_Tunnel_Tappi_Shak%C5%8D_Line,
Places and infrastructure,Shani Shingnapur,https://en.wikipedia.org/wiki/Shani_Shingnapur,
Places and infrastructure,"Shingō, Aomori",https://en.wikipedia.org/wiki/Shing%C5%8D,_Aomori
Places and infrastructure,Snake Temple,https://en.wikipedia.org/wiki/Snake_Temple,
Places and infrastructure,Sokh District,https://en.wikipedia.org/wiki/Sokh_District,
Places and infrastructure,"Taiwan Province, People's Republic of China",https://en.wikipedia.org/wiki/Taiwan_Province,_People's_Republic_of_China
Places and infrastructure,Tashirojima,https://en.wikipedia.org/wiki/Tashirojima,
Places and infrastructure,Thames Town,https://en.wikipedia.org/wiki/Thames_Town,
Places and infrastructure,The Line (Saudi Arabia),https://en.wikipedia.org/wiki/The_Line_(Saudi_Arabia),
Places and infrastructure,The world's smallest park,https://en.wikipedia.org/wiki/Mill_Ends_Park,
Places and infrastructure,Thimmamma Marrimanu,https://en.wikipedia.org/wiki/Thimmamma_Marrimanu,
Places and infrastructure,Tomb of Suleyman Shah,https://en.wikipedia.org/wiki/Tomb_of_Suleyman_Shah,
Places and infrastructure,Trunyan,https://en.wikipedia.org/wiki/Trunyan,
Places and infrastructure,Tsu Station,https://en.wikipedia.org/wiki/Tsu_Station,
Places and infrastructure,Underground City (Beijing),https://en.wikipedia.org/wiki/Underground_City_(Beijing),
Places and infrastructure,Villaggio Mall,https://en.wikipedia.org/wiki/Villaggio_Mall,
Places and infrastructure,Wang Saen Suk,https://en.wikipedia.org/wiki/Wang_Saen_Suk,
Places and infrastructure,Wonderland Amusement Park,https://en.wikipedia.org/wiki/Wonderland_Amusement_Park_(Beijing),
Places and infrastructure,X-Seed 4000,https://en.wikipedia.org/wiki/X-Seed_4000,
Places and infrastructure,Yongning Pagoda,https://en.wikipedia.org/wiki/Yongning_Pagoda,
Places and infrastructure,Zhangye National Geopark,https://en.wikipedia.org/wiki/Zhangye_National_Geopark,
Places and infrastructure,Zheltuga Republic,https://en.wikipedia.org/wiki/Zheltuga_Republic,
Places and infrastructure,"Workers of the galaxy, unite!",https://en.wikipedia.org/wiki/Workers_of_the_galaxy,_unite!
Places and infrastructure,Ängelholm UFO memorial,https://en.wikipedia.org/wiki/%C3%84ngelholm_UFO_Memorial,
Places and infrastructure,Argleton,https://en.wikipedia.org/wiki/Argleton,
Places and infrastructure,Baarle-Hertog,https://en.wikipedia.org/wiki/Baarle-Hertog,
Places and infrastructure,Baarle-Nassau,https://en.wikipedia.org/wiki/Baarle-Nassau,
Places and infrastructure,Barack Obama Plaza,https://en.wikipedia.org/wiki/Barack_Obama_Plaza,
Places and infrastructure,Barcelona Supercomputing Center,https://en.wikipedia.org/wiki/Barcelona_Supercomputing_Center,
Places and infrastructure,Barentsburg,https://en.wikipedia.org/wiki/Barentsburg,
Places and infrastructure,Barra Airport,https://en.wikipedia.org/wiki/Barra_Airport,
Places and infrastructure,Battersea Power Station tube station,https://en.wikipedia.org/wiki/Battersea_Power_Station_tube_station,
Places and infrastructure,Beans and Bacon mine,https://en.wikipedia.org/wiki/Beans_and_Bacon_mine,
Places and infrastructure,Berlin Brandenburg Airport,https://en.wikipedia.org/wiki/Berlin_Brandenburg_Airport,
Places and infrastructure,Bielefeld conspiracy,https://en.wikipedia.org/wiki/Bielefeld_conspiracy,
Places and infrastructure,Brennender Berg,https://en.wikipedia.org/wiki/Brennender_Berg,
Places and infrastructure,The Broomway,https://en.wikipedia.org/wiki/The_Broomway,
Places and infrastructure,Brusio spiral viaduct,https://en.wikipedia.org/wiki/Brusio_spiral_viaduct,
Places and infrastructure,Bucket Lake,https://en.wikipedia.org/wiki/Bucket_Lake,
Places and infrastructure,Bunkers in Albania,https://en.wikipedia.org/wiki/Bunkers_in_Albania,
Places and infrastructure,Büsingen am Hochrhein,https://en.wikipedia.org/wiki/B%C3%BCsingen_am_Hochrhein,
Places and infrastructure,Butt Hole Road,https://en.wikipedia.org/wiki/Butt_Hole_Road,
Places and infrastructure,Buzludzha monument,https://en.wikipedia.org/wiki/Buzludzha_monument,
Places and infrastructure,Carpatho-Ukraine,https://en.wikipedia.org/wiki/Carpatho-Ukraine,
Places and infrastructure,Cerne Abbas Giant,https://en.wikipedia.org/wiki/Cerne_Abbas_Giant,
Places and infrastructure,Clachan Bridge,https://en.wikipedia.org/wiki/Clachan_Bridge,
Places and infrastructure,Colletto Fava,https://en.wikipedia.org/wiki/Colletto_Fava,
Places and infrastructure,Cologne sewerage system,https://en.wikipedia.org/wiki/Cologne_sewerage_system,
Places and infrastructure,Couto Misto,https://en.wikipedia.org/wiki/Couto_Misto,
Places and infrastructure,Crinkley Bottom,https://en.wikipedia.org/wiki/Crinkley_Bottom,
Places and infrastructure,The Crooked House,https://en.wikipedia.org/wiki/The_Crooked_House_(pub),
Places and infrastructure,Crooked Forest,https://en.wikipedia.org/wiki/Crooked_Forest,
Places and infrastructure,Cube house,https://en.wikipedia.org/wiki/Cube_house,
Places and infrastructure,Dancing House,https://en.wikipedia.org/wiki/Dancing_House,
Places and infrastructure,Dartmouth railway station,https://en.wikipedia.org/wiki/Dartmouth_railway_station,
Places and infrastructure,Dry Bridge,https://en.wikipedia.org/wiki/Dry_Bridge_(Serbia),
Places and infrastructure,Dumb Woman's Lane,https://en.wikipedia.org/wiki/Dumb_Woman's_Lane,
Places and infrastructure,"Ebenezer Place, Wick",https://en.wikipedia.org/wiki/Ebenezer_Place,
Places and infrastructure,Eichener See,https://en.wikipedia.org/wiki/Eichener_See,
Places and infrastructure,Eurobridges Spijkenisse,https://en.wikipedia.org/wiki/Eurobridges_Spijkenisse,
Places and infrastructure,Father Pat Noise plaque,https://en.wikipedia.org/wiki/Father_Pat_Noise_plaque,
Places and infrastructure,Ferdinand Cheval,https://en.wikipedia.org/wiki/Ferdinand_Cheval,
Places and infrastructure,Ferdinandea Island,https://en.wikipedia.org/wiki/Ferdinandea,
Places and infrastructure,Flannan Isles Lighthouse,https://en.wikipedia.org/wiki/Flannan_Isles_Lighthouse,
Places and infrastructure,Forest swastika,https://en.wikipedia.org/wiki/Forest_swastika,
Places and infrastructure,Free State of Bottleneck,https://en.wikipedia.org/wiki/Free_State_of_Bottleneck,
Places and infrastructure,"Fugging, Upper Austria",https://en.wikipedia.org/wiki/Fugging,_Upper_Austria
Places and infrastructure,Galešnjak,https://en.wikipedia.org/wiki/Gale%C5%A1njak,
Places and infrastructure,Gammalsvenskby,https://en.wikipedia.org/wiki/Gammalsvenskby,
Places and infrastructure,Gants Hill tube station,https://en.wikipedia.org/wiki/Gants_Hill_tube_station,
Places and infrastructure,Graun im Vinschgau,https://en.wikipedia.org/wiki/Graun_im_Vinschgau,
Places and infrastructure,Great Tower Neuwerk,https://en.wikipedia.org/wiki/Neuwerk,
Places and infrastructure,Greetings from Jerusalem Avenue,https://en.wikipedia.org/wiki/Greetings_from_Jerusalem_Avenue,
Places and infrastructure,Gropecunt Lane,https://en.wikipedia.org/wiki/Gropecunt_Lane,
Places and infrastructure,Grūtas Park,https://en.wikipedia.org/wiki/Gr%C5%ABtas_Park,
Places and infrastructure,Gutsbezirk Reinhardswald,https://en.wikipedia.org/wiki/Gutsbezirk_Reinhardswald,
Places and infrastructure,Hill of Crosses,https://en.wikipedia.org/wiki/Hill_of_Crosses,
Places and infrastructure,I Love You Will U Marry Me,https://en.wikipedia.org/wiki/I_Love_You_Will_U_Marry_Me,
Places and infrastructure,Icelandic Phallological Museum,https://en.wikipedia.org/wiki/Icelandic_Phallological_Museum,
Places and infrastructure,JASON reactor,https://en.wikipedia.org/wiki/JASON_reactor,
Places and infrastructure,Kielce Bus Station,https://en.wikipedia.org/wiki/Kielce_Bus_Station,
Places and infrastructure,Kőbánya cellar system,https://en.wikipedia.org/wiki/K%C5%91b%C3%A1nya_cellar_system,
Places and infrastructure,Krzywy Domek,https://en.wikipedia.org/wiki/Krzywy_Domek,
Places and infrastructure,Kursdorf,https://en.wikipedia.org/wiki/Kursdorf,
Places and infrastructure,Lacus Curtius,https://en.wikipedia.org/wiki/Lacus_Curtius,
Places and infrastructure,Lahn,https://en.wikipedia.org/wiki/Lahn_(city),
Places and infrastructure,Lake Karachay,https://en.wikipedia.org/wiki/Lake_Karachay,
Places and infrastructure,Leaning Tower of Suurhusen,https://en.wikipedia.org/wiki/Leaning_Tower_of_Suurhusen,
Places and infrastructure,List of destroyed landmarks in Spain,https://en.wikipedia.org/wiki/List_of_destroyed_landmarks_in_Spain,
Places and infrastructure,Listenbourg,https://en.wikipedia.org/wiki/Listenbourg,
Places and infrastructure,Llandegley International Airport,https://en.wikipedia.org/wiki/Llandegley_International_Airport,
Places and infrastructure,Llanfairpwllgwyngyll,https://en.wikipedia.org/wiki/Llanfairpwllgwyngyll,
Places and infrastructure,Lupanar,https://en.wikipedia.org/wiki/Lupanar,
Places and infrastructure,Magic Roundabout,https://en.wikipedia.org/wiki/Magic_Roundabout_(Swindon),
Places and infrastructure,Manneken Pis,https://en.wikipedia.org/wiki/Manneken_Pis,
Places and infrastructure,Märket,https://en.wikipedia.org/wiki/M%C3%A4rket,
Places and infrastructure,Metro-2,https://en.wikipedia.org/wiki/Metro-2,
Places and infrastructure,Monte Kaolino,https://en.wikipedia.org/wiki/Monte_Kaolino,
Places and infrastructure,Mount Athos,https://en.wikipedia.org/wiki/Mount_Athos,
Places and infrastructure,Municipalities of Liechtenstein,https://en.wikipedia.org/wiki/Municipalities_of_Liechtenstein,
Places and infrastructure,Museum of Broken Relationships,https://en.wikipedia.org/wiki/Museum_of_Broken_Relationships,
Places and infrastructure,Muzeon Park of Arts,https://en.wikipedia.org/wiki/Muzeon_Park_of_Arts,
Places and infrastructure,Neitokainen,https://en.wikipedia.org/wiki/Neitokainen,
Places and infrastructure,Nelson's Pillar,https://en.wikipedia.org/wiki/Nelson's_Pillar,
Places and infrastructure,Neutral Moresnet,https://en.wikipedia.org/wiki/Neutral_Moresnet,
Places and infrastructure,Newhaven Marine railway station,https://en.wikipedia.org/wiki/Newhaven_Marine_railway_station,
Places and infrastructure,New York–Dublin Portal,https://en.wikipedia.org/wiki/New_York–Dublin_Portal,
Places and infrastructure,Other World Kingdom,https://en.wikipedia.org/wiki/Other_World_Kingdom,
Places and infrastructure,Paradiskullen,https://en.wikipedia.org/wiki/Paradiskullen,
Places and infrastructure,Pheasant Island,https://en.wikipedia.org/wiki/Pheasant_Island,
Places and infrastructure,Piața Romană metro station,https://en.wikipedia.org/wiki/Pia%C8%9Ba_Roman%C4%83_metro_station,
Places and infrastructure,Pierre-sur-Haute military radio station,https://en.wikipedia.org/wiki/Pierre-sur-Haute_military_radio_station,
Places and infrastructure,Predjama Castle,https://en.wikipedia.org/wiki/Predjama_Castle,
Places and infrastructure,Punkendeich,https://en.wikipedia.org/wiki/Punkendeich,
Places and infrastructure,Reality Checkpoint,https://en.wikipedia.org/wiki/Reality_Checkpoint,
Places and infrastructure,Röstigraben,https://en.wikipedia.org/wiki/R%C3%B6stigraben,
Places and infrastructure,Saatse Boot,https://en.wikipedia.org/wiki/Saatse_Boot,
Places and infrastructure,Schwerbelastungskörper,https://en.wikipedia.org/wiki/Schwerbelastungsk%C3%B6rper,
Places and infrastructure,Scottish Court in the Netherlands,https://en.wikipedia.org/wiki/Scottish_Court_in_the_Netherlands,
Places and infrastructure,Sexi,https://en.wikipedia.org/wiki/Sexi_(Phoenician_colony),
Places and infrastructure,"Shell Grotto, Margate",https://en.wikipedia.org/wiki/Shell_Grotto,
Places and infrastructure,Shit Museum,https://en.wikipedia.org/wiki/Shit_Museum,
Places and infrastructure,Shitterton,https://en.wikipedia.org/wiki/Shitterton,
Places and infrastructure,Smallest House in Great Britain,https://en.wikipedia.org/wiki/Smallest_House_in_Great_Britain,
Places and infrastructure,SnowCastle of Kemi,https://en.wikipedia.org/wiki/SnowCastle_of_Kemi,
Places and infrastructure,Sovereign Military Order of Malta,https://en.wikipedia.org/wiki/Sovereign_Military_Order_of_Malta,
Places and infrastructure,Spreuerhofstraße,https://en.wikipedia.org/wiki/Spreuerhofstra%C3%9Fe,
Places and infrastructure,Svalbard Global Seed Vault,https://en.wikipedia.org/wiki/Svalbard_Global_Seed_Vault,
Places and infrastructure,Transnistria,https://en.wikipedia.org/wiki/Transnistria,
Places and infrastructure,Uffington White Horse,https://en.wikipedia.org/wiki/Uffington_White_Horse,
Places and infrastructure,Unst Bus Shelter,https://en.wikipedia.org/wiki/Unst_Bus_Shelter,
Places and infrastructure,Uppland Runic Inscription 53,https://en.wikipedia.org/wiki/Uppland_Runic_Inscription_53,
Places and infrastructure,Vajdahunyad Castle,https://en.wikipedia.org/wiki/Vajdahunyad_Castle,
Places and infrastructure,Vatican Railway,https://en.wikipedia.org/wiki/Vatican_Railway,
Places and infrastructure,Vennbahn,https://en.wikipedia.org/wiki/Vennbahn,
Places and infrastructure,Veyshnoria,https://en.wikipedia.org/wiki/Veyshnoria,
Places and infrastructure,Victor Noir,https://en.wikipedia.org/wiki/Victor_Noir,
Places and infrastructure,Vilnius–Lublin Portal,https://en.wikipedia.org/wiki/Vilnius–Lublin_Portal,
Places and infrastructure,Weißwurstäquator,https://en.wikipedia.org/wiki/Wei%C3%9Fwursts%C3%A4quator,
Places and infrastructure,White's,https://en.wikipedia.org/wiki/White's,
Places and infrastructure,Whip-Ma-Whop-Ma-Gate,https://en.wikipedia.org/wiki/Whip-Ma-Whop-Ma-Gate,
Places and infrastructure,Wooden Spoons Museum,https://en.wikipedia.org/wiki/Wooden_Spoons_Museum,
Places and infrastructure,World Map at Lake Klejtrup,https://en.wikipedia.org/wiki/World_Map_at_Lake_Klejtrup,
Places and infrastructure,Wrocław Dwarfs,https://en.wikipedia.org/wiki/Wroc%C5%82aw_Dwarfs,
Places and infrastructure,Zeitpyramide,https://en.wikipedia.org/wiki/Zeitpyramide,
Places and infrastructure,Željava Air Base,https://en.wikipedia.org/wiki/%C5%BDeljava_Air_Base,
Places and infrastructure,Zone rouge,https://en.wikipedia.org/wiki/Zone_rouge_(First_World_War),
History,"0/10, would not buy again.",https://en.wikipedia.org/wiki/0/10,_would_not_buy_again.
History,Bollocks!,https://en.wikipedia.org/wiki/Bollocks!,
History,Bal des Ardents,https://en.wikipedia.org/wiki/Bal_des_Ardents,
History,Burned house horizon,https://en.wikipedia.org/wiki/Burned_house_horizon,
History,Cadaver Synod,https://en.wikipedia.org/wiki/Cadaver_Synod,
History,Cagots,https://en.wikipedia.org/wiki/Cagots,
History,Complaint tablet to Ea-nāṣir,https://en.wikipedia.org/wiki/Complaint_tablet_to_Ea-n%C4%81%E1%B9%A3ir,
History,Criterion of embarrassment,https://en.wikipedia.org/wiki/Criterion_of_embarrassment,
History,Daughter of Emperor Xiaoming of Northern Wei,https://en.wikipedia.org/wiki/Daughter_of_Emperor_Xiaoming_of_Northern_Wei,
History,Elagabalus,https://en.wikipedia.org/wiki/Elagabalus,
History,Erfurt latrine disaster,https://en.wikipedia.org/wiki/Erfurt_latrine_disaster,
History,Henry Symeonis,https://en.wikipedia.org/wiki/Henry_Symeonis,
History,House of Colleoni,https://en.wikipedia.org/wiki/House_of_Colleoni,
History,John the Posthumous,https://en.wikipedia.org/wiki/John_the_Posthumous,
History,Kottabos,https://en.wikipedia.org/wiki/Kottabos,
History,Máel Brigte of Moray,https://en.wikipedia.org/wiki/M%C3%A1el_Brigte_of_Moray,
History,Nika riots,https://en.wikipedia.org/wiki/Nika_riots,
History,Onfim,https://en.wikipedia.org/wiki/Onfim,
History,Phantom time conspiracy theory,https://en.wikipedia.org/wiki/Phantom_time_conspiracy_theory,
History,Pope Benedict IX,https://en.wikipedia.org/wiki/Pope_Benedict_IX,
History,Pope Celestine V,https://en.wikipedia.org/wiki/Pope_Celestine_V,
History,Pope Donus II,https://en.wikipedia.org/wiki/Pope_Donus_II,
History,Pre-Columbian transoceanic contact theories,https://en.wikipedia.org/wiki/Pre-Columbian_transoceanic_contact_theories,
History,Publius Afranius Potitus,https://en.wikipedia.org/wiki/Publius_Afranius_Potitus,
History,Roland The Farter,https://en.wikipedia.org/wiki/Roland_The_Farter,
History,Sacred Band of Thebes,https://en.wikipedia.org/wiki/Sacred_Band_of_Thebes,
History,Sanitation of the Indus Valley Civilisation,https://en.wikipedia.org/wiki/Sanitation_of_the_Indus_Valley_Civilisation,
History,Sino-Roman relations,https://en.wikipedia.org/wiki/Sino-Roman_relations,
History,Wise Men of Gotham,https://en.wikipedia.org/wiki/Wise_Men_of_Gotham,
History,Affair of the Sausages,https://en.wikipedia.org/wiki/Affair_of_the_Sausages,
History,Architecture terrible,https://en.wikipedia.org/wiki/Architecture_terrible,
History,Charles II of Spain,https://en.wikipedia.org/wiki/Charles_II_of_Spain,
History,Curonian colonisation,https://en.wikipedia.org/wiki/Curonian_colonization_of_the_Americas,
History,Dancing plague of 1518,https://en.wikipedia.org/wiki/Dancing_plague_of_1518,
History,Darien scheme,https://en.wikipedia.org/wiki/Darien_scheme,
History,Defenestrations of Prague,https://en.wikipedia.org/wiki/Defenestrations_of_Prague,
History,Timothy Dexter,https://en.wikipedia.org/wiki/Timothy_Dexter,
History,False Dmitry,https://en.wikipedia.org/wiki/False_Dmitry,
History,Glass delusion,https://en.wikipedia.org/wiki/Glass_delusion,
History,Gilles de Rais,https://en.wikipedia.org/wiki/Gilles_de_Rais,
History,Hospitaller colonization of the Americas,https://en.wikipedia.org/wiki/Hospitaller_colonization_of_the_Americas,
History,Loveday,https://en.wikipedia.org/wiki/Loveday_(Arthurian_legend),
History,Makassan contact with Australia,https://en.wikipedia.org/wiki/Makassan_contact_with_Australia,
History,May 1605 papal conclave,https://en.wikipedia.org/wiki/May_1605_papal_conclave,
History,The Miracle of 1511,https://en.wikipedia.org/wiki/The_Miracle_of_1511,
History,Mutiny on the Bounty,https://en.wikipedia.org/wiki/Mutiny_on_the_Bounty,
History,Nottingham cheese riot,https://en.wikipedia.org/wiki/Nottingham_cheese_riot,
History,Order of the Pug,https://en.wikipedia.org/wiki/Order_of_the_Pug,
History,George Psalmanazar,https://en.wikipedia.org/wiki/George_Psalmanazar,
History,Crown Prince Sado,https://en.wikipedia.org/wiki/Crown_Prince_Sado,
History,Yasuke,https://en.wikipedia.org/wiki/Yasuke,
History,The infrastructural shortcomings of Faraday's times,https://en.wikipedia.org/wiki/The_infrastructural_shortcomings_of_Faraday's_times,
History,Andrew Johnson's drunk vice-presidential inaugural address,https://en.wikipedia.org/wiki/Andrew_Johnson's_drunk_vice-presidential_inaugural_address,
History,Kinjirō Ashiwara,https://en.wikipedia.org/wiki/Kinjir%C5%8D_Ashiwara,
History,"John Bentinck, 5th Duke of Portland",https://en.wikipedia.org/wiki/John_Bentinck,_5th_Duke_of_Portland
History,Confederados,https://en.wikipedia.org/wiki/Confederados,
History,Drapetomania,https://en.wikipedia.org/wiki/Drapetomania,
History,Dublin whiskey fire,https://en.wikipedia.org/wiki/Dublin_whiskey_fire,
History,Emperor Norton,https://en.wikipedia.org/wiki/Emperor_Norton,
History,Johann Georg August Galletti,https://en.wikipedia.org/wiki/Johann_Georg_August_Galletti,
History,Great Moon Hoax,https://en.wikipedia.org/wiki/Great_Moon_Hoax,
History,Great Stink,https://en.wikipedia.org/wiki/Great_Stink,
History,Charles J. Guiteau,https://en.wikipedia.org/wiki/Charles_J._Guiteau,
History,Jerome of Sandy Cove,https://en.wikipedia.org/wiki/Jerome_of_Sandy_Cove,
History,Kentucky meat shower,https://en.wikipedia.org/wiki/Kentucky_meat_shower,
History,Knights of the Golden Circle,https://en.wikipedia.org/wiki/Knights_of_the_Golden_Circle,
History,London Beer Flood,https://en.wikipedia.org/wiki/London_Beer_Flood,
History,"Louis Antoine, Duke of Angoulême",https://en.wikipedia.org/wiki/Louis_Antoine,_Duke_of_Angoul%C3%AAme
History,Gregor MacGregor,https://en.wikipedia.org/wiki/Gregor_MacGregor,
History,New England vampire panic,https://en.wikipedia.org/wiki/New_England_vampire_panic,
History,Nongqawuse,https://en.wikipedia.org/wiki/Nongqawuse,
History,Heinrich Schliemann,https://en.wikipedia.org/wiki/Heinrich_Schliemann,
History,William Walker,https://en.wikipedia.org/wiki/William_Walker_(filibuster),
History,Watermelon Riot,https://en.wikipedia.org/wiki/Watermelon_Riot,
History,Are There Men on the Moon?,https://en.wikipedia.org/wiki/Are_There_Men_on_the_Moon%3F,
History,Anti-tobacco movement in Nazi Germany,https://en.wikipedia.org/wiki/Anti-tobacco_movement_in_Nazi_Germany,
History,Eduard Bloch,https://en.wikipedia.org/wiki/Eduard_Bloch,
History,Chewing gum sales ban in Singapore,https://en.wikipedia.org/wiki/Chewing_gum_ban_in_Singapore,
History,Christmas truce,https://en.wikipedia.org/wiki/Christmas_truce,
History,COINTELPRO,https://en.wikipedia.org/wiki/COINTELPRO,
History,Crocker Land Expedition,https://en.wikipedia.org/wiki/Crocker_Land_Expedition,
History,Czechoslovak Togo,https://en.wikipedia.org/wiki/Czechoslovak_Togo,
History,Đorđe Martinović incident,https://en.wikipedia.org/wiki/%C4%90or%C4%91e_Martinovi%C4%87_incident,
History,East Germany balloon escape,https://en.wikipedia.org/wiki/East_Germany_balloon_escape,
History,"Elizabeth, Lady Hope",https://en.wikipedia.org/wiki/Elizabeth,_Lady_Hope
History,Extraterritoriality of Princess Margriet's birth,https://en.wikipedia.org/wiki/Extraterritoriality_of_Princess_Margriet's_birth,
History,Dorothy Gibson,https://en.wikipedia.org/wiki/Dorothy_Gibson,
History,Great Michigan Pizza Funeral,https://en.wikipedia.org/wiki/Great_Michigan_Pizza_Funeral,
History,Great Molasses Flood,https://en.wikipedia.org/wiki/Great_Molasses_Flood,
History,Mango cult,https://en.wikipedia.org/wiki/Mango_cult,
History,Julia Butterfly Hill,https://en.wikipedia.org/wiki/Julia_Butterfly_Hill,
History,Masabumi Hosono,https://en.wikipedia.org/wiki/Masabumi_Hosono,
History,Violet Jessop,https://en.wikipedia.org/wiki/Violet_Jessop,
History,Charles Joughin,https://en.wikipedia.org/wiki/Charles_Joughin,
History,Kilroy was here,https://en.wikipedia.org/wiki/Kilroy_was_here,
History,Bobby Leach,https://en.wikipedia.org/wiki/Bobby_Leach,
History,Li Guangchang,https://en.wikipedia.org/wiki/Li_Guangchang,
History,Madagascar Plan,https://en.wikipedia.org/wiki/Madagascar_Plan,
History,Francisco Macías Nguema,https://en.wikipedia.org/wiki/Francisco_Mac%C3%ADas_Nguema,
History,MKUltra,https://en.wikipedia.org/wiki/Project_MKUltra,
History,Moscow gold,https://en.wikipedia.org/wiki/Moscow_gold,
History,Franz Nopcsa von Felső-Szilvás,https://en.wikipedia.org/wiki/Franz_Nopcsa_von_Fels%C5%91-Szilv%C3%A1s,
History,North Hollywood shootout,https://en.wikipedia.org/wiki/North_Hollywood_shootout,
History,Octobering,https://en.wikipedia.org/wiki/Octobering,
History,Kenzō Okuzaki,https://en.wikipedia.org/wiki/Kenz%C5%8D_Okuzaki,
History,Operation Paperclip,https://en.wikipedia.org/wiki/Operation_Paperclip,
History,Emilio Palma,https://en.wikipedia.org/wiki/Emilio_Palma,
History,Assassination of Olof Palme,https://en.wikipedia.org/wiki/Assassination_of_Olof_Palme,
History,Punjabi Mexican Americans,https://en.wikipedia.org/wiki/Punjabi_Mexican_Americans,
History,Puyi,https://en.wikipedia.org/wiki/Puyi,
History,Radcliffe Line,https://en.wikipedia.org/wiki/Radcliffe_Line,
History,Rangoon bombing,https://en.wikipedia.org/wiki/Rangoon_bombing,
History,Reggio revolt,https://en.wikipedia.org/wiki/Reggio_revolt,
History,Mathias Rust,https://en.wikipedia.org/wiki/Mathias_Rust,
History,Satanic Verses controversy,https://en.wikipedia.org/wiki/The_Satanic_Verses_controversy,
History,Self-propelled barge T-36,https://en.wikipedia.org/wiki/Self-propelled_barge_T-36,
History,Khalid Sheldrake,https://en.wikipedia.org/wiki/Khalid_Sheldrake,
History,Shindo Renmei,https://en.wikipedia.org/wiki/Shindo_Renmei,
History,Stanley Lord,https://en.wikipedia.org/wiki/Stanley_Lord,
History,Albert Stevens,https://en.wikipedia.org/wiki/Albert_Stevens,
History,Tanganyika laughter epidemic,https://en.wikipedia.org/wiki/Tanganyika_laughter_epidemic,
History,Ignaz Trebitsch-Lincoln,https://en.wikipedia.org/wiki/Ignaz_Trebitsch-Lincoln,
History,Tuskegee Syphilis Study,https://en.wikipedia.org/wiki/Tuskegee_Syphilis_Study,
History,Roman von Ungern-Sternberg,https://en.wikipedia.org/wiki/Roman_von_Ungern-Sternberg,
History,United Nations Temporary Executive Authority (Western New Guinea),https://en.wikipedia.org/wiki/United_Nations_Temporary_Executive_Authority,
History,United States involvement in regime change,https://en.wikipedia.org/wiki/United_States_involvement_in_regime_change,
History,John Zegrus,https://en.wikipedia.org/wiki/John_Zegrus,
History,The butter's run out (Norwegian butter crisis),https://en.wikipedia.org/wiki/2011_Norwegian_butter_crisis,
History,Cottage cheese boycott,https://en.wikipedia.org/wiki/Cottage_cheese_boycott,
History,Dean scream,https://en.wikipedia.org/wiki/Howard_Dean_scream,
History,Rudi Dekkers,https://en.wikipedia.org/wiki/Rudi_Dekkers,
History,Great Canadian Maple Syrup Heist,https://en.wikipedia.org/wiki/Great_Canadian_Maple_Syrup_Heist,
History,Uday Hussein,https://en.wikipedia.org/wiki/Uday_Hussein,
History,Laser Kiwi flag,https://en.wikipedia.org/wiki/Laser_Kiwi_flag,
History,John P. O'Neill,https://en.wikipedia.org/wiki/John_P._O'Neill,
History,Pepsi fruit juice flood,https://en.wikipedia.org/wiki/Pepsi_fruit_juice_flood,
History,Stellar Wind,https://en.wikipedia.org/wiki/Stellar_Wind,
Mathematics and numbers,0.999...,https://en.wikipedia.org/wiki/0.999...,
Mathematics and numbers,2 + 2 = 5,https://en.wikipedia.org/wiki/2_%2B_2_%3D_5,
Mathematics and numbers,616 (number),https://en.wikipedia.org/wiki/616_(number),
Mathematics and numbers,65537-gon,https://en.wikipedia.org/wiki/65537-gon,
Mathematics and numbers,"A Million Random Digits with 100,000 Normal Deviates",https://en.wikipedia.org/wiki/A_Million_Random_Digits_with_100,000_Normal_Deviates
Mathematics and numbers,All horses are the same color,https://en.wikipedia.org/wiki/All_horses_are_the_same_color,
Mathematics and numbers,Almost everywhere,https://en.wikipedia.org/wiki/Almost_everywhere,
Mathematics and numbers,Almost integer,https://en.wikipedia.org/wiki/Almost_integer,
Mathematics and numbers,Almost periodic function,https://en.wikipedia.org/wiki/Almost_periodic_function,
Mathematics and numbers,Banach–Tarski paradox,https://en.wikipedia.org/wiki/Banach–Tarski_paradox,
Mathematics and numbers,Belphegor's prime,https://en.wikipedia.org/wiki/Belphegor's_prime,
Mathematics and numbers,Bertrand's postulate,https://en.wikipedia.org/wiki/Bertrand's_postulate,
Mathematics and numbers,Calculator spelling,https://en.wikipedia.org/wiki/Calculator_spelling,
Mathematics and numbers,The Complexity of Songs,https://en.wikipedia.org/wiki/The_Complexity_of_Songs,
Mathematics and numbers,Cox–Zucker machine,https://en.wikipedia.org/wiki/Cox–Zucker_machine,
Mathematics and numbers,Erdős–Bacon number,https://en.wikipedia.org/wiki/Erd%C5%91s%E2%80%93Bacon_number,
Mathematics and numbers,Extravagant number,https://en.wikipedia.org/wiki/Extravagant_number,
Mathematics and numbers,Gabriel's horn,https://en.wikipedia.org/wiki/Gabriel's_horn,
Mathematics and numbers,Graham's number,https://en.wikipedia.org/wiki/Graham's_number,
Mathematics and numbers,Hairy ball theorem,https://en.wikipedia.org/wiki/Hairy_ball_theorem,
Mathematics and numbers,Happy number,https://en.wikipedia.org/wiki/Happy_number,
Mathematics and numbers,Hilbert's paradox of the Grand Hotel,https://en.wikipedia.org/wiki/Hilbert's_paradox_of_the_Grand_Hotel,
Mathematics and numbers,Illegal number,https://en.wikipedia.org/wiki/Illegal_number,
Mathematics and numbers,Illumination Problem,https://en.wikipedia.org/wiki/Illumination_problem,
Mathematics and numbers,Indiana pi bill,https://en.wikipedia.org/wiki/Indiana_Pi_Bill,
Mathematics and numbers,Infinite monkey theorem,https://en.wikipedia.org/wiki/Infinite_monkey_theorem,
Mathematics and numbers,Interesting number paradox,https://en.wikipedia.org/wiki/Interesting_number_paradox,
Mathematics and numbers,Kruskal's tree theorem,https://en.wikipedia.org/wiki/Kruskal's_tree_theorem,
Mathematics and numbers,Legendre's constant,https://en.wikipedia.org/wiki/Legendre's_constant,
Mathematics and numbers,Look-and-say sequence,https://en.wikipedia.org/wiki/Look-and-say_sequence,
Mathematics and numbers,Mathematical fallacy,https://en.wikipedia.org/wiki/Mathematical_fallacy,
Mathematics and numbers,Mathematical joke,https://en.wikipedia.org/wiki/Mathematical_joke,
Mathematics and numbers,Minkowski's question-mark function,https://en.wikipedia.org/wiki/Minkowski's_question-mark_function,
Mathematics and numbers,Monty Hall problem,https://en.wikipedia.org/wiki/Monty_Hall_problem,
Mathematics and numbers,Moving sofa problem,https://en.wikipedia.org/wiki/Moving_sofa_problem,
Mathematics and numbers,NAND logic,https://en.wikipedia.org/wiki/NAND_logic,
Mathematics and numbers,Narcissistic number,https://en.wikipedia.org/wiki/Narcissistic_number,
Mathematics and numbers,Nothing-up-my-sleeve number,https://en.wikipedia.org/wiki/Nothing-up-my-sleeve_number,
Mathematics and numbers,Number of the beast,https://en.wikipedia.org/wiki/Number_of_the_beast,
Mathematics and numbers,Numbers station,https://en.wikipedia.org/wiki/Numbers_station,
Mathematics and numbers,Pi is 3,https://en.wikipedia.org/wiki/Pi_Is_3,
Mathematics and numbers,Pointless topology,https://en.wikipedia.org/wiki/Pointless_topology,
Mathematics and numbers,Potato paradox,https://en.wikipedia.org/wiki/Potato_paradox,
Mathematics and numbers,Ramanujan summation,https://en.wikipedia.org/wiki/Ramanujan_summation,
Mathematics and numbers,Schizophrenic number,https://en.wikipedia.org/wiki/Schizophrenic_number,
Mathematics and numbers,Sexy prime,https://en.wikipedia.org/wiki/Sexy_prime,
Mathematics and numbers,Six nines in pi,https://en.wikipedia.org/wiki/Six_nines_in_pi,
Mathematics and numbers,Spaghetti sort,https://en.wikipedia.org/wiki/Spaghetti_sort,
Mathematics and numbers,Squircle,https://en.wikipedia.org/wiki/Squircle,
Mathematics and numbers,Tarski's circle-squaring problem,https://en.wikipedia.org/wiki/Tarski's_circle-squaring_problem,
Mathematics and numbers,Taxicab number,https://en.wikipedia.org/wiki/Taxicab_number,
Mathematics and numbers,Tetraphobia,https://en.wikipedia.org/wiki/Tetraphobia,
Mathematics and numbers,Tits group,https://en.wikipedia.org/wiki/Tits_group,
Mathematics and numbers,Triskaidekaphobia,https://en.wikipedia.org/wiki/Triskaidekaphobia,
Mathematics and numbers,Tupper's self-referential formula,https://en.wikipedia.org/wiki/Tupper's_self-referential_formula,
Mathematics and numbers,Ulam spiral,https://en.wikipedia.org/wiki/Ulam_spiral,
Mathematics and numbers,Umbral calculus,https://en.wikipedia.org/wiki/Umbral_calculus,
Mathematics and numbers,Unexpected hanging paradox,https://en.wikipedia.org/wiki/Unexpected_hanging_paradox,
Mathematics and numbers,Unknot,https://en.wikipedia.org/wiki/Unknot,
Mathematics and numbers,Vacuous truth,https://en.wikipedia.org/wiki/Vacuous_truth,
Mathematics and numbers,Vampire number,https://en.wikipedia.org/wiki/Vampire_number,
Mathematics and numbers,Wheat and chessboard problem,https://en.wikipedia.org/wiki/Wheat_and_chessboard_problem,
Mathematics and numbers,Will Rogers phenomenon,https://en.wikipedia.org/wiki/Will_Rogers_phenomenon,
Mathematics and numbers,Zenzizenzizenzic,https://en.wikipedia.org/wiki/Zenzizenzizenzic,
Mathematics and numbers,Zeroth,https://en.wikipedia.org/wiki/Zeroth,
Mathematics and numbers,Abolition of time zones,https://en.wikipedia.org/wiki/Abolition_of_time_zones,
Mathematics and numbers,Ruth Belville,https://en.wikipedia.org/wiki/Ruth_Belville,
Mathematics and numbers,Chrismukkah,https://en.wikipedia.org/wiki/Chrismukkah,
Mathematics and numbers,Cinnamon Roll Day,https://en.wikipedia.org/wiki/Cinnamon_Roll_Day,
Mathematics and numbers,Festivus,https://en.wikipedia.org/wiki/Festivus,
Mathematics and numbers,International Talk Like a Pirate Day,https://en.wikipedia.org/wiki/International_Talk_Like_a_Pirate_Day,
Mathematics and numbers,List of non-standard dates,https://en.wikipedia.org/wiki/List_of_non-standard_dates,
Mathematics and numbers,Manhattanhenge,https://en.wikipedia.org/wiki/Manhattanhenge,
Mathematics and numbers,Mole Day,https://en.wikipedia.org/wiki/Mole_Day,
Mathematics and numbers,Pi Day,https://en.wikipedia.org/wiki/Pi_Day,
Mathematics and numbers,Pocky & Pretz Day,https://en.wikipedia.org/wiki/Pocky_%26_Pretz_Day,
Mathematics and numbers,Singles' Day,https://en.wikipedia.org/wiki/Singles%27_Day,
Mathematics and numbers,Square Root Day,https://en.wikipedia.org/wiki/Square_Root_Day,
Mathematics and numbers,Star Wars Day,https://en.wikipedia.org/wiki/Star_Wars_Day,
Mathematics and numbers,Steak and Blowjob Day,https://en.wikipedia.org/wiki/Steak_and_Blowjob_Day,
Mathematics and numbers,Cake and Cunnilingus Day,https://en.wikipedia.org/wiki/Cake_and_Cunnilingus_Day,
Mathematics and numbers,Swatch Internet Time,https://en.wikipedia.org/wiki/Swatch_Internet_Time,
Mathematics and numbers,Thanksgivukkah,https://en.wikipedia.org/wiki/Thanksgivukkah,
Mathematics and numbers,Towel Day,https://en.wikipedia.org/wiki/Towel_Day,
Mathematics and numbers,Undecimber,https://en.wikipedia.org/wiki/Undecimber,
Mathematics and numbers,Winterval,https://en.wikipedia.org/wiki/Winterval,
Mathematics and numbers,Year 2000 problem,https://en.wikipedia.org/wiki/Year_2000_problem,
Mathematics and numbers,Year 2038 problem,https://en.wikipedia.org/wiki/Year_2038_problem,
Mathematics and numbers,Year zero,https://en.wikipedia.org/wiki/Year_zero,
Language,2002 renaming of Turkmen months and days of week,https://en.wikipedia.org/wiki/2002_renaming_of_Turkmen_months_and_days_of_week,
Language,Académie de la Carpette anglaise,https://en.wikipedia.org/wiki/Acad%C3%A9mie_de_la_Carpette_anglaise,
Language,Antiqua–Fraktur dispute,https://en.wikipedia.org/wiki/Antiqua–Fraktur_dispute,
Language,Apples and oranges,https://en.wikipedia.org/wiki/Apples_and_oranges_(comparison),
Language,Argumentum ad crumenam,https://en.wikipedia.org/wiki/Argumentum_ad_crumenam,
Language,Argumentum ad lazarum,https://en.wikipedia.org/wiki/Argumentum_ad_lazarum,
Language,Arebica,https://en.wikipedia.org/wiki/Arebica,
Language,Belarusian Arabic alphabet,https://en.wikipedia.org/wiki/Belarusian_Arabic_alphabet,
Language,A Book from the Sky,https://en.wikipedia.org/wiki/A_Book_from_the_Sky,
Language,Bouba/kiki effect,https://en.wikipedia.org/wiki/Bouba/kiki_effect,
Language,Bow-wow theory,https://en.wikipedia.org/wiki/Bow-wow_theory,
Language,Buffalo buffalo Buffalo buffalo buffalo buffalo Buffalo buffalo,https://en.wikipedia.org/wiki/Buffalo_buffalo_Buffalo_buffalo_buffalo_buffalo_Buffalo_buffalo,
Language,Capitalization of Internet,https://en.wikipedia.org/wiki/Capitalization_of_%22Internet%22,
Language,The Chaos (poem),https://en.wikipedia.org/wiki/The_Chaos,
Language,Chinese characters of Empress Wu,https://en.wikipedia.org/wiki/Chinese_characters_of_Empress_Wu,
Language,Chinese word for crisis,https://en.wikipedia.org/wiki/Chinese_word_for_%22crisis%22,
Language,Codex Seraphinianus,https://en.wikipedia.org/wiki/Codex_Seraphinianus,
Language,Colorless green ideas sleep furiously,https://en.wikipedia.org/wiki/Colorless_green_ideas_sleep_furiously,
Language,Comparative illusion,https://en.wikipedia.org/wiki/Comparative_illusion,
Language,Contronym,https://en.wikipedia.org/wiki/Contronym,
Language,Controversies about the word niggardly,https://en.wikipedia.org/wiki/Controversies_about_the_word_%22niggardly%22,
Language,Covfefe,https://en.wikipedia.org/wiki/Covfefe,
Language,Crazy English,https://en.wikipedia.org/wiki/Crazy_English,
Language,Croatian Wikipedia,https://en.wikipedia.org/wiki/Croatian_Wikipedia,
Language,Cryptophasia,https://en.wikipedia.org/wiki/Cryptophasia,
Language,Dirty Hungarian Phrasebook,https://en.wikipedia.org/wiki/Dirty_Hungarian_Phrasebook,
Language,Disambiguation (disambiguation),https://en.wikipedia.org/wiki/Disambiguation_(disambiguation),
Language,Dord,https://en.wikipedia.org/wiki/Dord,
Language,Dozens (game),https://en.wikipedia.org/wiki/Dozens_(game),
Language,Duck test,https://en.wikipedia.org/wiki/Duck_test,
Language,Dze,https://en.wikipedia.org/wiki/Dze,
Language,Eggcorn,https://en.wikipedia.org/wiki/Eggcorn,
Language,English as She Is Spoke,https://en.wikipedia.org/wiki/English_as_She_Is_Spoke,
Language,Engrish,https://en.wikipedia.org/wiki/Engrish,
Language,Eskimo words for snow,https://en.wikipedia.org/wiki/Eskimo_words_for_snow,
Language,Etaoin shrdlu,https://en.wikipedia.org/wiki/Etaoin_shrdlu,
Language,Expletive infixation,https://en.wikipedia.org/wiki/Expletive_infixation,
Language,Faggin–Nazzi alphabet,https://en.wikipedia.org/wiki/Faggin–Nazzi_alphabet,
Language,Faux Cyrillic,https://en.wikipedia.org/wiki/Faux_Cyrillic,
Language,Fictitious entry,https://en.wikipedia.org/wiki/Fictitious_entry,
Language,Fnord,https://en.wikipedia.org/wiki/Fnord,
Language,Fumblerules,https://en.wikipedia.org/wiki/Fumblerules,
Language,Garden-path sentence,https://en.wikipedia.org/wiki/Garden-path_sentence,
Language,Ghost characters,https://en.wikipedia.org/wiki/Ghost_character,
Language,Ghoti,https://en.wikipedia.org/wiki/Ghoti,
Language,Glossary of Wobbly terms,https://en.wikipedia.org/wiki/Glossary_of_Wobbly_terms,
Language,Grelling–Nelson paradox,https://en.wikipedia.org/wiki/Grelling–Nelson_paradox,
Language,Hamburgevons,https://en.wikipedia.org/wiki/Hamburgevons,
Language,Hopi time controversy,https://en.wikipedia.org/wiki/Hopi_time_controversy,
Language,Hyphen War,https://en.wikipedia.org/wiki/Hyphen_War,
Language,Ingressive sound,https://en.wikipedia.org/wiki/Ingressive_sound,
Language,Inherently funny word,https://en.wikipedia.org/wiki/Inherently_funny_word,
Language,Intentionally blank page,https://en.wikipedia.org/wiki/Intentionally_blank_page,
Language,Irony punctuation,https://en.wikipedia.org/wiki/Irony_punctuation,
Language,Irreversible binomial,https://en.wikipedia.org/wiki/Irreversible_binomial,
Language,James while John had had had had had had had had had had had a better effect on the teacher,https://en.wikipedia.org/wiki/James_while_John_had_had_had_had_had_had_had_had_had_had_had_a_better_effect_on_the_teacher,
Language,A language is a dialect with an army and navy,https://en.wikipedia.org/wiki/A_language_is_a_dialect_with_an_army_and_navy,
Language,Latin profanity,https://en.wikipedia.org/wiki/Latin_profanity,
Language,Laws of holes,https://en.wikipedia.org/wiki/Laws_of_holes,
Language,La plume de ma tante,https://en.wikipedia.org/wiki/La_plume_de_ma_tante,
Language,Language deprivation experiments,https://en.wikipedia.org/wiki/Language_deprivation_experiments,
Language,Lion-Eating Poet in the Stone Den,https://en.wikipedia.org/wiki/Lion-Eating_Poet_in_the_Stone_Den,
Language,List of common false etymologies of English words,https://en.wikipedia.org/wiki/List_of_common_false_etymologies_of_English_words,
Language,List of English words containing Q not followed by U,https://en.wikipedia.org/wiki/List_of_English_words_containing_Q_not_followed_by_U,
Language,List of English words without rhymes,https://en.wikipedia.org/wiki/List_of_English_words_without_rhymes,
Language,List of ethnic slurs,https://en.wikipedia.org/wiki/List_of_ethnic_slurs,
Language,List of linguistic example sentences,https://en.wikipedia.org/wiki/List_of_linguistic_example_sentences,
Language,List of proposed etymologies of OK,https://en.wikipedia.org/wiki/List_of_proposed_etymologies_of_OK,
Language,List of shorthand systems,https://en.wikipedia.org/wiki/List_of_shorthand_systems,
Language,Longest words,https://en.wikipedia.org/wiki/Longest_word_in_English#Longest_words_in_the_world,
Language,Longest word in English,https://en.wikipedia.org/wiki/Longest_word_in_English,
Language,Mamihlapinatapai,https://en.wikipedia.org/wiki/Mamihlapinatapai,
Language,Martian language,https://en.wikipedia.org/wiki/Martian_language,
Language,May you live in interesting times,https://en.wikipedia.org/wiki/May_you_live_in_interesting_times,
Language,Metal umlaut,https://en.wikipedia.org/wiki/Metal_umlaut,
Language,Muphry's law,https://en.wikipedia.org/wiki/Muphry's_law,
Language,Murad Takla,https://en.wikipedia.org/wiki/Murad_Takla,
Language,My postillion has been struck by lightning,https://en.wikipedia.org/wiki/My_postillion_has_been_struck_by_lightning,
Language,Newton's flaming laser sword,https://en.wikipedia.org/wiki/Newton's_flaming_laser_sword,
Language,Nucular,https://en.wikipedia.org/wiki/Nucular,
Language,-ough,https://en.wikipedia.org/wiki/%22Ough%22,
Language,Phaistos Disc,https://en.wikipedia.org/wiki/Phaistos_Disc,
Language,Placeholder name,https://en.wikipedia.org/wiki/Placeholder_name,
Language,Pompatus,https://en.wikipedia.org/wiki/Pompatus,
Language,Potrzebie,https://en.wikipedia.org/wiki/Potrzebie,
Language,Pronunciation of GIF,https://en.wikipedia.org/wiki/Pronunciation_of_GIF,
Language,RAS syndrome,https://en.wikipedia.org/wiki/RAS_syndrome,
Language,Rebracketing,https://en.wikipedia.org/wiki/Rebracketing,
Language,Response to sneezing,https://en.wikipedia.org/wiki/Response_to_sneezing,
Language,Robert Shields,https://en.wikipedia.org/wiki/Robert_Shields_(diarist),
Language,Rohonc Codex,https://en.wikipedia.org/wiki/Rohonc_Codex,
Language,Scientific wild-ass guess,https://en.wikipedia.org/wiki/Scientific_wild-ass_guess,
Language,Scots Wikipedia,https://en.wikipedia.org/wiki/Scots_Wikipedia,
Language,Shavian alphabet,https://en.wikipedia.org/wiki/Shavian_alphabet,
Language,Shibboleth,https://en.wikipedia.org/wiki/Shibboleth,
Language,Shit happens,https://en.wikipedia.org/wiki/Shit_happens,
Language,Shm-reduplication,https://en.wikipedia.org/wiki/Shm-reduplication,
Language,Skunked term,https://en.wikipedia.org/wiki/Skunked_term,
Language,Spelling of Shakespeare's name,https://en.wikipedia.org/wiki/Spelling_of_Shakespeare's_name,
Language,Spoonerism,https://en.wikipedia.org/wiki/Spoonerism,
Language,Strč prst skrz krk,https://en.wikipedia.org/wiki/Str%C4%8D_prst_skrz_krk,
Language,Taito,https://en.wikipedia.org/wiki/Taito_(kana),
Language,Talk to the hand,https://en.wikipedia.org/wiki/Talk_to_the_hand,
Language,Tenevil,https://en.wikipedia.org/wiki/Tenevil,
Language,Thagomizer,https://en.wikipedia.org/wiki/Thagomizer,
Language,The Moon is made of green cheese,https://en.wikipedia.org/wiki/The_Moon_is_made_of_green_cheese,
Language,There is no sex in the USSR,https://en.wikipedia.org/wiki/There_is_no_sex_in_the_USSR,
Language,Thinking about the immortality of the crab,https://en.wikipedia.org/wiki/Thinking_about_the_immortality_of_the_crab,
Language,Time flies like an arrow; fruit flies like a banana,https://en.wikipedia.org/wiki/Time_flies_like_an_arrow;_fruit_flies_like_a_banana,
Language,Toynbee tiles,https://en.wikipedia.org/wiki/Toynbee_tiles,
Language,Tsundoku,https://en.wikipedia.org/wiki/Tsundoku,
Language,Tuffet,https://en.wikipedia.org/wiki/Tuffet,
Language,Unknown unknowns,https://en.wikipedia.org/wiki/There_are_known_knowns,
Language,Uncleftish Beholding,https://en.wikipedia.org/wiki/Uncleftish_Beholding,
Language,Unpaired word,https://en.wikipedia.org/wiki/Unpaired_word,
Language,Voynich manuscript,https://en.wikipedia.org/wiki/Voynich_manuscript,
Language,Wine-dark sea,https://en.wikipedia.org/wiki/Wine-dark_sea,
Language,Yan tan tethera,https://en.wikipedia.org/wiki/Yan_tan_tethera,
Language,Yo mama joke,https://en.wikipedia.org/wiki/Yo_mama,
Language,Zhemao hoaxes,https://en.wikipedia.org/wiki/Zhemao_hoaxes,
Language,Zzxjoanw,https://en.wikipedia.org/wiki/Zzxjoanw,
Language,Kebabnorsk (Norsk kebab),https://en.wikipedia.org/wiki/Kebabnorsk,
Language,Abercraf English,https://en.wikipedia.org/wiki/Abercraf_English,
Language,Algonquian–Basque pidgin,https://en.wikipedia.org/wiki/Algonquian–Basque_pidgin,
Language,Basque–Icelandic pidgin,https://en.wikipedia.org/wiki/Basque–Icelandic_pidgin,
Language,Anāl language,https://en.wikipedia.org/wiki/An%C4%81l_language,
Language,Andalusian language movement,https://en.wikipedia.org/wiki/Andalusian_language_movement,
Language,Antarctic English,https://en.wikipedia.org/wiki/Antarctic_English,
Language,Arcaicam Esperantom,https://en.wikipedia.org/wiki/Arcaicam_Esperantom,
Language,Boontling,https://en.wikipedia.org/wiki/Boontling,
Language,Broome Pearling Lugger Pidgin,https://en.wikipedia.org/wiki/Broome_Pearling_Lugger_Pidgin,
Language,Cia-Cia,https://en.wikipedia.org/wiki/Cia-Cia_language,
Language,DoggoLingo,https://en.wikipedia.org/wiki/DoggoLingo,
Language,Dravido-Korean languages,https://en.wikipedia.org/wiki/Dravido-Korean_languages,
Language,E-Prime,https://en.wikipedia.org/wiki/E-Prime,
Language,Gyaru-moji,https://en.wikipedia.org/wiki/Gyaru-moji,
Language,High Tider,https://en.wikipedia.org/wiki/High_Tider,
Language,Ithkuil,https://en.wikipedia.org/wiki/Ithkuil,
Language,Jamaican Maroon Creole,https://en.wikipedia.org/wiki/Jamaican_Maroon_Creole,
Language,Leet,https://en.wikipedia.org/wiki/Leet,
Language,Lojban,https://en.wikipedia.org/wiki/Lojban,
Language,Mediterranean Lingua Franca,https://en.wikipedia.org/wiki/Mediterranean_Lingua_Franca,
Language,Nicaraguan Sign Language,https://en.wikipedia.org/wiki/Nicaraguan_Sign_Language,
Language,Pandanus language,https://en.wikipedia.org/wiki/Pandanus_language,
Language,Pirahã language,https://en.wikipedia.org/wiki/Pirah%C3%A3_language,
Language,Pig Latin,https://en.wikipedia.org/wiki/Pig_Latin,
Language,Plains Indian Sign Language,https://en.wikipedia.org/wiki/Plains_Indian_Sign_Language,
Language,Proto-Human language,https://en.wikipedia.org/wiki/Proto-Human_language,
Language,Pseudo-Chinese,https://en.wikipedia.org/wiki/Pseudo-Chinese,
Language,Russenorsk,https://en.wikipedia.org/wiki/Russenorsk,
Language,Silbo Gomero,https://en.wikipedia.org/wiki/Silbo_Gomero,
Language,Solresol,https://en.wikipedia.org/wiki/Solresol,
Language,Sḵwx̱wú7mesh,https://en.wikipedia.org/wiki/Squamish_language,
Language,Toki Pona,https://en.wikipedia.org/wiki/Toki_Pona,
Language,Ubykh language,https://en.wikipedia.org/wiki/Ubykh_language,
Language,Wenzhounese,https://en.wikipedia.org/wiki/Wenzhounese,
Language,ǃXóõ,https://en.wikipedia.org/wiki/%C7%83X%C3%B3%C3%B5,
Language,Yaminjeongeum,https://en.wikipedia.org/wiki/Yaminjeongeum,
Language,Yerkish,https://en.wikipedia.org/wiki/Yerkish,